accuweather.com,amazon-adsystem.com,3364,DIRECT,
accuweather.com,adtech.com,10674,DIRECT,
accuweather.com,aolcloud.net,10674,DIRECT,
accuweather.com,facebook.com,360734747425904,DIRECT,
accuweather.com,google.com,pub-9415735639897500,DIRECT,
accuweather.com,indexexchange.com,185017,DIRECT,
accuweather.com,indexexchange.com,185474,DIRECT,
accuweather.com,pubmatic.com,34576,DIRECT,5d62403b186f2ace
accuweather.com,rubiconproject.com,12562,DIRECT,0bfd66d529a55807
accuweather.com,sonobi.com,605a368674,DIRECT,
accuweather.com,lijit.com,212927,DIRECT,fafdf38b16bf6b2b
accuweather.com,sovrn.com,212927,DIRECT,fafdf38b16bf6b2b
accuweather.com,yldbt.com,572b5d391db2875a227a0eca,DIRECT,cd184cb30abaabb5
accuweather.com,Appnexus.com,1356,RESELLER,f5ab79cb980f11d1
accuweather.com,EMXDGT.com,123,RESELLER,1e1d41537f7cad7f
accuweather.com,google.com,pub-9242135695870166,RESELLER,
accuweather.com,synacor.com,81497,RESELLER,
accuweather.com,google.com,pub-5771594739411148,DIRECT,
allrecipes.com,yldbt.com,5272a2dff237f9e578000001,DIRECT,cd184cb30abaabb5
allrecipes.com,google.com,pub-0978064532142215,DIRECT,f08c47fec0942fa0
allrecipes.com,google.com,meredith,DIRECT,f08c47fec0942fa0
allrecipes.com,google.com,pub-6983307289689206,DIRECT,f08c47fec0942fa0
allrecipes.com,triplelift.com,3,DIRECT,
allrecipes.com,kargo.com,73,DIRECT,
allrecipes.com,triplelift.com,460,DIRECT,
allrecipes.com,triplelift.com,488,DIRECT,
allrecipes.com,triplelift.com,775,DIRECT,
allrecipes.com,triplelift.com,775,DIRECT,
allrecipes.com,triplelift.com,777,DIRECT,
allrecipes.com,appnexus.com,1356,RESELLER,
allrecipes.com,districtm.io,1908,RESELLER,
allrecipes.com,c.amazon-adsystem.com,3446,DIRECT,
allrecipes.com,triplelift.com,3616,DIRECT,
allrecipes.com,triplelift.com,3617,DIRECT,
allrecipes.com,triplelift.com,3618,DIRECT,
allrecipes.com,appnexus.com,7090,DIRECT,
allrecipes.com,pubmatic.com,37576,DIRECT,5d62403b186f2ace
allrecipes.com,districtm.io,100146,DIRECT,
allrecipes.com,indexexchange.com,183449,DIRECT,
allrecipes.com,indexexchange.com,184003,DIRECT,
allrecipes.com,indexexchange.com,184044,DIRECT,
allrecipes.com,indexexchange.com,184081,RESELLER,
allrecipes.com,brealtime.com,987836,DIRECT,
allrecipes.com,spoutable.com,cf6652a6-0d3f-4774-ba6c-a07a336aca35,DIRECT,
allrecipes.com,rubiconproject.com,12738,DIRECT,
allrecipes.com,rubiconproject.com,16258,DIRECT,
allrecipes.com,yieldmo.com,767956262603923000,DIRECT,
allrecipes.com,yieldmo.com,1115741677360100000,DIRECT,
allrecipes.com,sovrn.com,247572,DIRECT,fafdf38b16bf6b2b
allrecipes.com,lijit.com,247572,DIRECT,
allrecipes.com,www.mobfox.com,59315,DIRECT,
allrecipes.com,liveintent.com,6522,DIRECT,
allrecipes.com,liveintent.com,1124,DIRECT,
allrecipes.com,liveintent.com,443,DIRECT,
allrecipes.com,liveintent.com,1115,DIRECT,
allrecipes.com,liveintent.com,2945,DIRECT,
allrecipes.com,liveintent.com,1120,DIRECT,
allrecipes.com,liveintent.com,1128,DIRECT,
allrecipes.com,liveintent.com,1138,DIRECT,
allrecipes.com,liveintent.com,9068,DIRECT,
allrecipes.com,liveintent.com,1119,DIRECT,
allrecipes.com,liveintent.com,10645,DIRECT,
allrecipes.com,liveintent.com,1117,DIRECT,
allrecipes.com,liveintent.com,1126,DIRECT,
allrecipes.com,liveintent.com,9405,DIRECT,
allrecipes.com,liveintent.com,1125,DIRECT,
allrecipes.com,liveintent.com,1131,DIRECT,
allrecipes.com,liveintent.com,14592,DIRECT,
allrecipes.com,liveintent.com,3749,DIRECT,
allrecipes.com,liveintent.com,1048,DIRECT,
allrecipes.com,liveintent.com,33213,DIRECT,
allrecipes.com,liveintent.com,1139,DIRECT,
allrecipes.com,liveintent.com,1049,DIRECT,
allrecipes.com,liveintent.com,10646,DIRECT,
allrecipes.com,liveintent.com,2939,DIRECT,
allrecipes.com,liveintent.com,1123,DIRECT,
allrecipes.com,liveintent.com,1127,DIRECT,
ameblo.jp,google.com,pub-1350297223867787,DIRECT,
ameblo.jp,adingo.jp,16792,DIRECT,
babycenter.com,amazon-adsystems.com,3384,DIRECT,
babycenter.com,google.com,8041926961236110,DIRECT,
babycenter.com,indexexchange.com,183459,DIRECT,50b1c356f2c5c8fc
babycenter.com,liveintent.com,14209,DIRECT,
babycenter.com,liveintent.com,14276,DIRECT,
babycenter.com,liveintent.com,14277,DIRECT,
babycenter.com,liveintent.com,14278,DIRECT,
babycenter.com,liveintent.com,14280,DIRECT,
babycenter.com,liveintent.com,14282,DIRECT,
babycenter.com,liveintent.com,14284,DIRECT,
babycenter.com,liveintent.com,14285,DIRECT,
babycenter.com,liveintent.com,14289,DIRECT,
babycenter.com,liveintent.com,14291,DIRECT,
babycenter.com,liveintent.com,14293,DIRECT,
babycenter.com,liveintent.com,14294,DIRECT,
babycenter.com,openx.com,537140192,DIRECT,a698e2ec38604c6
babycenter.com,openx.com,538964070,DIRECT,a698e2ec38604c6
babycenter.com,teads.tv,10909,DIRECT,15a9c44f6d26cbe1
babycenter.com,teads.tv,11140,DIRECT,15a9c44f6d26cbe1
babycenter.com,yieldmo.com,9876333000,DIRECT,
babycenter.com,yieldmo.com,BabyCenter.com,DIRECT,
babygaga.com,google.com,pub-1705195579135674,DIRECT,f08c47fec0942fa0
babygaga.com,google.com,pub-8382598503519971,DIRECT,f08c47fec0942fa0
babygaga.com,indexexchange.com,184915,DIRECT,50b1c356f2c5c8fc
babygaga.com,indexexchange.com,182689,DIRECT,50b1c356f2c5c8fc
babygaga.com,indexexchange.com,184735,DIRECT,50b1c356f2c5c8fc
babygaga.com,districtm.io,100190,DIRECT,
babygaga.com,appnexus.com,7944,RESELLER,
babygaga.com,appnexus.com,1908,RESELLER,
babygaga.com,sonobi.com,2ab1f50de1,DIRECT,
babygaga.com,facebook.com,270407583294564,DIRECT,
babygaga.com,facebook.com,1796603680615255,DIRECT,
babygaga.com,rubiconproject.com,11986,DIRECT,0bfd66d529a55807
babygaga.com,exponential.com,153690,DIRECT,
babygaga.com,amazon-adsystem.com,3000,DIRECT,
babygaga.com,adyoulike.com,248128b6690c39194ce31628b745aca1,DIRECT,
babygaga.com,openx.com,538981709,DIRECT,a698e2ec38604c6
babygaga.com,openx.com,537084392,DIRECT,a698e2ec38604c6
babygaga.com,revcontent.com,951,DIRECT,
babygaga.com,positivemobile.com,599ea72c69d05d2063ba3344,DIRECT,
babygaga.com,brightcom.com,2140991,DIRECT,
babygaga.com,openx.com,537153208,RESELLER,
babygaga.com,google.com,5231479214411897,RESELLER,
babygaga.com,aolcloud.net,11099.1,RESELLER,
babygaga.com,advertising.com,2270,RESELLER,
babygaga.com,appnexus.com,2669,RESELLER,
babygaga.com,smartadserver.com,1879,RESELLER,
babygaga.com,smartadserver.com,2586,RESELLER,
babygaga.com,smartadserver.com,2499,RESELLER,
babygaga.com,fyber.com,ddecc38b3799786a1637d5176e204431,RESELLER,
babygaga.com,adform.com,1411,RESELLER,
babygaga.com,tremorhub.com,iq97d,RESELLER,1a4e959a1b50034a
babygaga.com,Advertising.com,7060,RESSELER,
babygaga.com,adtech.com,7060,RESSELER,
babygaga.com,beachfront.com,publisher_4f2f8b67-9af1-4978-e517-fcd215d21d0f,DIRECT,
babygaga.com,beachfront.com,publisher_1c8cc092-61e7-4274-bb74-63385e023935,DIRECT,
babygaga.com,springserve.com,257,RESELLER,
babygaga.com,sovrn.com,239753,RESELLER,fafdf38b16bf6b2b
babygaga.com,lijit.com,239753,RESELLER,fafdf38b16bf6b2b
babygaga.com,rhythmone.com,3835751711,DIRECT,a670c89d4a324e47
babygaga.com,rhythmone.com,1757684631,DIRECT,a670c89d4a324e47
babygaga.com,EMXDGT.com,130,RESELLER,1e1d41537f7cad7f
babygaga.com,appnexus.com,1356,RESELLER,f5ab79cb980f11d1
babygaga.com,google.com,pub-9242135695870166,RESELLER,
babygaga.com,synacor.com,81533,RESELLER,
bhaskar.com,google.com,ca-pub-6939370777058488,DIRECT,f08c47fec0942fa0
bhaskar.com,appnexus.com,8209,DIRECT,
bhaskar.com,rubiconproject.com,Rubicon Project 9144,DIRECT,0bfd66d529a55807
bhaskar.com,pubmatic.com,69363,DIRECT,
bhaskar.com,Insticator.com,623bc193-717f-4aa0-b2a0-e2360fba6909,DIRECT,
businessinsider.com,google.com,pub-1037373295371110,DIRECT,
businessinsider.com,rubiconproject.com,10306,DIRECT,
businessinsider.com,indexexchange.com,183963,DIRECT,
businessinsider.com,indexexchange.com,184913,DIRECT,
businessinsider.com,openx.com,537147789,DIRECT,
businessinsider.com,openx.com,538986829,DIRECT,
businessinsider.com,appnexus.com,7161,DIRECT,
businessinsider.com,appnexus.com,3364,RESELLER,
businessinsider.com,facebook.com,1325898517502065,DIRECT,
businessinsider.com,liveintent.com,87,DIRECT,
businessinsider.com,triplelift.com,583,DIRECT,
businessinsider.com,taboola.com,688168,DIRECT,
businessinsider.com,teads.com,11643,DIRECT,
businessinsider.com,teads.com,11445,DIRECT,
businessinsider.com,kargo.com,108,DIRECT,
businessinsider.com,indexexchange.com,184081,RESELLER,
businessinsider.com,google.com,pub-8415620659137418,RESELLER,
cbsnews.com,33across.com,33,DIRECT,
cbsnews.com,360yield.com,185,RESELLER,
cbsnews.com,adtech.com,10947,RESELLER,
cbsnews.com,adtech.com,9928,DIRECT,
cbsnews.com,adtech.com,9993,RESELLER,
cbsnews.com,advertising.com,8603,RESELLER,
cbsnews.com,amazon-adsystem.com,3411,RESELLER,
cbsnews.com,aolcloud.net,10947,RESELLER,
cbsnews.com,aolcloud.net,9928,DIRECT,
cbsnews.com,aolcloud.net,9993,RESELLER,
cbsnews.com,appnexus.com,1001,RESELLER,
cbsnews.com,appnexus.com,1019,RESELLER,
cbsnews.com,appnexus.com,1356,RESELLER,
cbsnews.com,appnexus.com,1613,RESELLER,
cbsnews.com,appnexus.com,2703,RESELLER,
cbsnews.com,appnexus.com,3135,RESELLER,
cbsnews.com,appnexus.com,3364,RESELLER,
cbsnews.com,appnexus.com,3552,DIRECT,
cbsnews.com,appnexus.com,564,RESELLER,
cbsnews.com,appnexus.com,6932,DIRECT,
cbsnews.com,appnexus.com,7118,RESELLER,
cbsnews.com,appnexus.com,7556,RESELLER,
cbsnews.com,bidfluence.com,224d8f79-dc97-4d56-8cbd-c79f32e57111,RESELLER,
cbsnews.com,bidfluence.com,68e6d75a-8355-4715-a10d-4cdac15190bc,RESELLER,
cbsnews.com,bidfluence.com,f7232b14-f7af-4936-875b-7438aa6a401d,DIRECT,
cbsnews.com,bidtellect.com,1376,DIRECT,
cbsnews.com,contextweb.com,557820,RESELLER,
cbsnews.com,contextweb.com,560118,RESELLER,
cbsnews.com,contextweb.com,560621,RESELLER,
cbsnews.com,contextweb.com,560653,RESELLER,
cbsnews.com,contextweb.com,560854,RESELLER,
cbsnews.com,criteo.com,3450,RESELLER,
cbsnews.com,emxdgt.com,20,RESELLER,
cbsnews.com,facebook.com,332077373815647,DIRECT,
cbsnews.com,google.com,pub-0942427266003794,RESELLER,f08c47fec0942fa0
cbsnews.com,google.com,pub-1011508009856018,RESELLER,f08c47fec0942fa0
cbsnews.com,google.com,pub-1066013786354051,RESELLER,f08c47fec0942fa0
cbsnews.com,google.com,pub-1991679624331369,DIRECT,f08c47fec0942fa0
cbsnews.com,google.com,pub-2679103605715789,DIRECT,f08c47fec0942fa0
cbsnews.com,google.com,pub-2846699686180177,DIRECT,f08c47fec0942fa0
cbsnews.com,google.com,pub-6209086188495781,DIRECT,f08c47fec0942fa0
cbsnews.com,google.com,pub-6694481294649483,RESELLER,f08c47fec0942fa0
cbsnews.com,google.com,pub-6949480713202456,RESELLER,f08c47fec0942fa0
cbsnews.com,google.com,pub-9557089510405422,RESELLER,f08c47fec0942fa0
cbsnews.com,gumgum.com,12222,DIRECT,ffdef49475d318a9
cbsnews.com,imonomy.com,993,DIRECT,14567722759
cbsnews.com,indexexchange.com,183728,DIRECT,
cbsnews.com,indexexchange.com,183756,RESELLER,
cbsnews.com,indexexchange.com,184081,RESELLER,
cbsnews.com,indexexchange.com,184216,DIRECT,
cbsnews.com,indexexchange.com,184315,RESELLER,
cbsnews.com,indexexchange.com,184601,RESELLER,
cbsnews.com,indexexchange.com,184665,RESELLER,
cbsnews.com,indexexchange.com,184819,DIRECT,
cbsnews.com,indexexchange.com,184914,RESELLER,
cbsnews.com,indexexchange.com,185506,RESELLER,
cbsnews.com,kargo.com,109,DIRECT,
cbsnews.com,liveintent.com,2158,DIRECT,
cbsnews.com,lkqd.com,293,RESELLER,
cbsnews.com,lkqd.net,293,RESELLER,
cbsnews.com,loopme.com,5689,DIRECT,
cbsnews.com,loopme.com,9328,DIRECT,
cbsnews.com,openx.com,537102524,RESELLER,6a698e2ec38604c6
cbsnews.com,openx.com,537103367,RESELLER,6a698e2ec38604c6
cbsnews.com,openx.com,537116744,RESELLER,6a698e2ec38604c6
cbsnews.com,openx.com,537116751,RESELLER,6a698e2ec38604c6
cbsnews.com,openx.com,537117145,RESELLER,6a698e2ec38604c6
cbsnews.com,openx.com,537117297,RESELLER,6a698e2ec38604c6
cbsnews.com,openx.com,537117365,RESELLER,6a698e2ec38604c6
cbsnews.com,openx.com,537117488,RESELLER,6a698e2ec38604c6
cbsnews.com,openx.com,537117497,RESELLER,6a698e2ec38604c6
cbsnews.com,openx.com,537118048,RESELLER,6a698e2ec38604c6
cbsnews.com,openx.com,537119311,RESELLER,6a698e2ec38604c6
cbsnews.com,openx.com,537120563,RESELLER,6a698e2ec38604c6
cbsnews.com,openx.com,537123174,DIRECT,6a698e2ec38604c6
cbsnews.com,openx.com,537140038,DIRECT,6a698e2ec38604c6
cbsnews.com,openx.com,537143781,DIRECT,6a698e2ec38604c6
cbsnews.com,openx.com,537147077,DIRECT,6a698e2ec38604c6
cbsnews.com,openx.com,537150004,RESELLER,6a698e2ec38604c6
cbsnews.com,openx.com,539022633,DIRECT,6a698e2ec38604c6
cbsnews.com,openx.com,539045885,RESELLER,6a698e2ec38604c6
cbsnews.com,pubmatic.com,118367,RESELLER,5d62403b186f2ace
cbsnews.com,pubmatic.com,156307,RESELLER,5d62403b186f2ace
cbsnews.com,pubmatic.com,95054,RESELLER,5d62403b186f2ace
cbsnews.com,rubiconproject.com,10970,DIRECT,0bfd66d529a55807
cbsnews.com,rubiconproject.com,14904,RESELLER,0bfd66d529a55807
cbsnews.com,rubiconproject.com,15380,RESELLER,0bfd66d529a55807
cbsnews.com,rubiconproject.com,16414,RESELLER,0bfd66d529a55807
cbsnews.com,rubiconproject.com,16698,RESELLER,0bfd66d529a55807
cbsnews.com,rubiconproject.com,9818,DIRECT,0bfd66d529a55807
cbsnews.com,sharethrough.com,2ac18247,DIRECT,
cbsnews.com,smartstream.tv,5141,DIRECT,
cbsnews.com,sonobi.com,db8cebe31a,DIRECT,
cbsnews.com,sonobi.com,e315a43aa9,RESELLER,
cbsnews.com,sonobi.com,e55fb5d7c2,RESELLER,
cbsnews.com,spotx.tv,108933,RESELLER,7842df1d2fe2db34
cbsnews.com,spotx.tv,139883,RESELLER,7842df1d2fe2db34
cbsnews.com,spotx.tv,71451,RESELLER,7842df1d2fe2db34
cbsnews.com,spotx.tv,78699,DIRECT,7842df1d2fe2db34
cbsnews.com,spotxchange.com,108933,RESELLER,7842df1d2fe2db34
cbsnews.com,spotxchange.com,139883,RESELLER,7842df1d2fe2db34
cbsnews.com,spotxchange.com,71451,RESELLER,7842df1d2fe2db34
cbsnews.com,spotxchange.com,78699,DIRECT,7842df1d2fe2db34
cbsnews.com,switch.com,123,RESELLER,
cbsnews.com,taboola.com,1038583,DIRECT,c228e6794e811952
cbsnews.com,teads.tv,10288,DIRECT,15a9c44f6d26cbe1
cbsnews.com,teads.tv,5640,DIRECT,15a9c44f6d26cbe1
cbsnews.com,technorati.com,81401,RESELLER,
cbsnews.com,tidaltv.com,20176,DIRECT,
cbsnews.com,tidaltv.com,20177,DIRECT,
cbsnews.com,tremorhub.com,z87wm,RESELLER,1a4e959a1b50034a
cbsnews.com,trustx.org,34,DIRECT,
cbsnews.com,vidazoo.com,54332548,DIRECT,
cbsnews.com,videoflare.com,3337,DIRECT,
cbsnews.com,yahoo.com,1095500,DIRECT,
cbsnews.com,yahoo.com,11,DIRECT,
cbsnews.com,yieldmo.com,1377500573706075030,DIRECT,
cbsnews.com,yume.com,993,DIRECT,
cnet.com,33across.com,33,DIRECT,
cnet.com,360yield.com,185,RESELLER,
cnet.com,adtech.com,10947,RESELLER,
cnet.com,adtech.com,9928,DIRECT,
cnet.com,adtech.com,9993,RESELLER,
cnet.com,advertising.com,8603,RESELLER,
cnet.com,aolcloud.net,10947,RESELLER,
cnet.com,aolcloud.net,9928,DIRECT,
cnet.com,aolcloud.net,9993,RESELLER,
cnet.com,appnexus.com,1001,RESELLER,
cnet.com,appnexus.com,1019,RESELLER,
cnet.com,appnexus.com,1356,RESELLER,
cnet.com,appnexus.com,1613,RESELLER,
cnet.com,appnexus.com,2703,RESELLER,
cnet.com,appnexus.com,3135,RESELLER,
cnet.com,appnexus.com,3364,RESELLER,
cnet.com,appnexus.com,3552,DIRECT,
cnet.com,appnexus.com,564,RESELLER,
cnet.com,appnexus.com,6932,DIRECT,
cnet.com,appnexus.com,7118,RESELLER,
cnet.com,appnexus.com,7556,RESELLER,
cnet.com,bidfluence.com,224d8f79-dc97-4d56-8cbd-c79f32e57111,RESELLER,
cnet.com,bidfluence.com,68e6d75a-8355-4715-a10d-4cdac15190bc,RESELLER,
cnet.com,bidfluence.com,f7232b14-f7af-4936-875b-7438aa6a401d,DIRECT,
cnet.com,bidtellect.com,1376,DIRECT,
cnet.com,contextweb.com,557820,RESELLER,
cnet.com,contextweb.com,560118,RESELLER,
cnet.com,contextweb.com,560621,RESELLER,
cnet.com,contextweb.com,560653,RESELLER,
cnet.com,contextweb.com,560854,RESELLER,
cnet.com,criteo.com,3450,RESELLER,
cnet.com,emxdgt.com,20,RESELLER,
cnet.com,facebook.com,1232098256812859,DIRECT,
cnet.com,fyber.com,1a12a7e3f84fe560ccf95a3a73043abb,RESELLER,
cnet.com,fyber.com,ad9de41d28d494354b23133f26f83122,RESELLER,
cnet.com,google.com,pub-0942427266003794,RESELLER,f08c47fec0942fa0
cnet.com,google.com,pub-1011508009856018,RESELLER,f08c47fec0942fa0
cnet.com,google.com,pub-1066013786354051,RESELLER,f08c47fec0942fa0
cnet.com,google.com,pub-1991679624331369,DIRECT,f08c47fec0942fa0
cnet.com,google.com,pub-2679103605715789,DIRECT,f08c47fec0942fa0
cnet.com,google.com,pub-2846699686180177,DIRECT,f08c47fec0942fa0
cnet.com,google.com,pub-6209086188495781,DIRECT,f08c47fec0942fa0
cnet.com,google.com,pub-6694481294649483,RESELLER,f08c47fec0942fa0
cnet.com,google.com,pub-6949480713202456,RESELLER,f08c47fec0942fa0
cnet.com,google.com,pub-9557089510405422,RESELLER,f08c47fec0942fa0
cnet.com,indexexchange.com,183728,DIRECT,
cnet.com,indexexchange.com,183756,RESELLER,
cnet.com,indexexchange.com,184081,RESELLER,
cnet.com,indexexchange.com,184216,DIRECT,
cnet.com,indexexchange.com,184315,RESELLER,
cnet.com,indexexchange.com,184601,RESELLER,
cnet.com,indexexchange.com,184665,RESELLER,
cnet.com,indexexchange.com,184819,DIRECT,
cnet.com,indexexchange.com,184914,RESELLER,
cnet.com,indexexchange.com,185506,RESELLER,
cnet.com,kargo.com,109,DIRECT,
cnet.com,kargo.com,1234,DIRECT,
cnet.com,liveintent.com,895,DIRECT,
cnet.com,lkqd.com,293,RESELLER,
cnet.com,lkqd.net,293,RESELLER,
cnet.com,loopme.com,5689,DIRECT,
cnet.com,loopme.com,9328,DIRECT,
cnet.com,openx.com,537102524,RESELLER,6a698e2ec38604c6
cnet.com,openx.com,537103367,RESELLER,6a698e2ec38604c6
cnet.com,openx.com,537116744,RESELLER,6a698e2ec38604c6
cnet.com,openx.com,537116751,RESELLER,6a698e2ec38604c6
cnet.com,openx.com,537117145,RESELLER,6a698e2ec38604c6
cnet.com,openx.com,537117297,RESELLER,6a698e2ec38604c6
cnet.com,openx.com,537117365,RESELLER,6a698e2ec38604c6
cnet.com,openx.com,537117488,RESELLER,6a698e2ec38604c6
cnet.com,openx.com,537117497,RESELLER,6a698e2ec38604c6
cnet.com,openx.com,537118048,RESELLER,6a698e2ec38604c6
cnet.com,openx.com,537119311,RESELLER,6a698e2ec38604c6
cnet.com,openx.com,537120563,RESELLER,6a698e2ec38604c6
cnet.com,openx.com,537123174,DIRECT,6a698e2ec38604c6
cnet.com,openx.com,537140038,DIRECT,6a698e2ec38604c6
cnet.com,openx.com,537143781,DIRECT,6a698e2ec38604c6
cnet.com,openx.com,537147077,DIRECT,6a698e2ec38604c6
cnet.com,openx.com,537150004,RESELLER,6a698e2ec38604c6
cnet.com,openx.com,539022633,DIRECT,6a698e2ec38604c6
cnet.com,openx.com,539045885,RESELLER,6a698e2ec38604c6
cnet.com,pubmatic.com,118367,RESELLER,5d62403b186f2ace
cnet.com,pubmatic.com,156307,RESELLER,5d62403b186f2ace
cnet.com,pubmatic.com,95054,RESELLER,5d62403b186f2ace
cnet.com,rubiconproject.com,10970,DIRECT,0bfd66d529a55807
cnet.com,rubiconproject.com,14904,RESELLER,0bfd66d529a55807
cnet.com,rubiconproject.com,15380,RESELLER,0bfd66d529a55807
cnet.com,rubiconproject.com,16414,RESELLER,0bfd66d529a55807
cnet.com,rubiconproject.com,16698,RESELLER,0bfd66d529a55807
cnet.com,rubiconproject.com,9818,DIRECT,0bfd66d529a55807
cnet.com,sharethrough.com,2ac18247,DIRECT,
cnet.com,smartstream.tv,5139,DIRECT,
cnet.com,sonobi.com,b32c22bc6f,DIRECT,
cnet.com,sonobi.com,e315a43aa9,RESELLER,
cnet.com,sonobi.com,e55fb5d7c2,RESELLER,
cnet.com,spotx.tv,108933,RESELLER,7842df1d2fe2db34
cnet.com,spotx.tv,139883,RESELLER,7842df1d2fe2db34
cnet.com,spotx.tv,71451,RESELLER,7842df1d2fe2db34
cnet.com,spotx.tv,78699,DIRECT,7842df1d2fe2db34
cnet.com,spotxchange.com,108933,RESELLER,7842df1d2fe2db34
cnet.com,spotxchange.com,139883,RESELLER,7842df1d2fe2db34
cnet.com,spotxchange.com,71451,RESELLER,7842df1d2fe2db34
cnet.com,spotxchange.com,78699,DIRECT,7842df1d2fe2db34
cnet.com,switch.com,123,RESELLER,
cnet.com,taboola.com,1038582,DIRECT,c228e6794e811952
cnet.com,taboola.com,1054595,DIRECT,c228e6794e811952
cnet.com,teads.tv,10288,DIRECT,15a9c44f6d26cbe1
cnet.com,teads.tv,5640,DIRECT,15a9c44f6d26cbe1
cnet.com,technorati.com,81401,RESELLER,
cnet.com,tidaltv.com,20176,DIRECT,
cnet.com,tidaltv.com,20177,DIRECT,
cnet.com,tremorhub.com,z87wm,RESELLER,1a4e959a1b50034a
cnet.com,trustx.org,34,DIRECT,
cnet.com,vidazoo.com,54332548,DIRECT,
cnet.com,videoflare.com,3337,DIRECT,
cnet.com,yahoo.com,1095500,DIRECT,
cnet.com,yahoo.com,11,DIRECT,
cnet.com,yieldmo.com,1377496609040219025,DIRECT,
cnet.com,yume.com,993,DIRECT,
daily.co.jp,google.com,pub-3310145435147861,DIRECT,f08c47fec0942fa0
daily.co.jp,google.com,pub-8987938390300733,DIRECT,f08c47fec0942fa0
daily.co.jp,rubiconproject.com,12426,DIRECT,0bfd66d529a55807
daily.co.jp,rubiconproject.com,14032,RESELLER,0bfd66d529a55807
daily.co.jp,rubiconproject.com,12498,RESELLER,0bfd66d529a55807
daily.co.jp,openx.com,67345,RESELLER,6a698e2ec38604c6
daily.co.jp,openx.com,537147392,RESELLER,6a698e2ec38604c6
daily.co.jp,impact-ad.jp,1629,DIRECT,
daily.co.jp,impact-ad.jp,2873,DIRECT,
daily.co.jp,impact-ad.jp,2893,DIRECT,
daily.co.jp,impact-ad.jp,3602,DIRECT,
daily.co.jp,google.com,pub-4094152962392845,RESELLER,
daily.co.jp,openx.com,128293,RESELLER,
daily.co.jp,openx.com,128833,RESELLER,
daily.co.jp,openx.com,537119985,RESELLER,
daily.co.jp,rubiconproject.com,14486,RESELLER,
daily.co.jp,appnexus.com,7702,RESELLER,
daily.co.jp,adtech.com,9670,RESELLER,
daily.co.jp,aolcloud.net,9670,RESELLER,
daily.co.jp,advertising.com,14558,RESELLER,
daily.co.jp,adingo.jp,9771,DIRECT,
daily.co.jp,gmossp-sp.jp,2000353,DIRECT,
daily.co.jp,teads.tv,10818,DIRECT,15a9c44f6d26cbe1
daily.co.jp,teads.tv,12406,DIRECT,15a9c44f6d26cbe1
daily.co.jp,aps.amazon.com,3483,DIRECT,
daily.co.jp,ad-stir.com,1727,DIRECT,
daily.co.jp,microad.co.jp,9919,DIRECT,
daily.co.jp,openx.com,69353,RESELLER,
daily.co.jp,openx.com,113534,RESELLER,
daily.co.jp,openx.com,113178,RESELLER,
daily.co.jp,openx.com,539294045,RESELLER,
daily.co.jp,ad-stir.com,1757,RESELLER,
daily.co.jp,gmossp.jp,2000505,RESELLER,
daily.co.jp,proparm.jp,1811,RESELLER,
daily.co.jp,proparm.jp,1022,DIRECT,
daily.co.jp,ad-generation.jp,9168,RESELLER,
daily.co.jp,rubiconproject.com,12498,RESELLER,0bfd66d529a55807
daily.co.jp,ad-stir.com,5196,RESELLER,
daily.co.jp,adingo.jp,17496,RESELLER,
daily.co.jp,adtech.com,9623,DIRECT,
daily.co.jp,aolcloud.net,9623,DIRECT,
dailymail.co.uk,c.amazon-adsystem.com,4050,DIRECT,
dailymail.co.uk,c.amazon-adsystem.com,3065,DIRECT,
dailymail.co.uk,33across.com,33,DIRECT,
dailymail.co.uk,adtech.com,9993,RESELLER,
dailymail.co.uk,aolcloud.net,9993,RESELLER,
dailymail.co.uk,appnexus.com,1001,RESELLER,
dailymail.co.uk,appnexus.com,1180,DIRECT,
dailymail.co.uk,appnexus.com,1908,RESELLER,
dailymail.co.uk,appnexus.com,3135,RESELLER,
dailymail.co.uk,appnexus.com,584489,DIRECT,
dailymail.co.uk,appnexus.com,3246,DIRECT,
dailymail.co.uk,appnexus.com,3396,DIRECT,
dailymail.co.uk,appnexus.com,677551,DIRECT,
dailymail.co.uk,appnexus.com,677748,DIRECT,
dailymail.co.uk,appnexus.com,3395,DIRECT,
dailymail.co.uk,appnexus.com,994,RESELLER,
dailymail.co.uk,appnexus.com,997,RESELLER,
dailymail.co.uk,appnexus.com,3364,RESELLER,
dailymail.co.uk,apps.pubmatic.com,156307,RESELLER,
dailymail.co.uk,brightroll.com,6836204,RESELLER,
dailymail.co.uk,contextweb.com,560574,RESELLER,
dailymail.co.uk,contextweb.com,560382,RESELLER,
dailymail.co.uk,converge-digital.com,223,DIRECT,
dailymail.co.uk,districtm.io,100621,DIRECT,
dailymail.co.uk,facebook.com,1277831165666996,DIRECT,
dailymail.co.uk,facebook.com,164354683745654,DIRECT,
dailymail.co.uk,facebook.com,1711736575716558,DIRECT,
dailymail.co.uk,facebook.com,184146485263280,DIRECT,
dailymail.co.uk,facebook.com,1854371214882531,DIRECT,
dailymail.co.uk,facebook.com,547880618750071,DIRECT,
dailymail.co.uk,facebook.com,635165436682894,DIRECT,
dailymail.co.uk,freewheel.tv,52217,RESELLER,
dailymail.co.uk,freewheel.tv,317921,RESELLER,
dailymail.co.uk,freewheel.tv,152801,RESELLER,
dailymail.co.uk,freewheel.tv,52225,RESELLER,
dailymail.co.uk,freewheel.tv,325265,RESELLER,
dailymail.co.uk,freewheel.tv,153049,RESELLER,
dailymail.co.uk,google.com,pub-9557089510405422,RESELLER,f08c47fec0942fa0
dailymail.co.uk,google.com,pub-8813347375005258,RESELLER,
dailymail.co.uk,google.com,pub-8813347375005258,RESELLER,
dailymail.co.uk,google.com,pub-1119541904232084,DIRECT,
dailymail.co.uk,google.com,pub-2257647920802932,DIRECT,
dailymail.co.uk,google.com,pub-4180835694166255,DIRECT,
dailymail.co.uk,google.com,pub-4665458143304996,DIRECT,
dailymail.co.uk,google.com,pub-6384385731055605,DIRECT,
dailymail.co.uk,gumgum.com,12766,DIRECT,ffdef49475d318a9
dailymail.co.uk,indexexchange.com,185506,RESELLER,
dailymail.co.uk,indexexchange.com,182243,DIRECT,
dailymail.co.uk,indexexchange.com,184428,DIRECT,
dailymail.co.uk,indexexchange.com,184557,DIRECT,
dailymail.co.uk,indexexchange.com,184669,DIRECT,
dailymail.co.uk,indexexchange.com,184864,DIRECT,
dailymail.co.uk,indexexchange.com,184081,RESELLER,
dailymail.co.uk,indexexchange.com,183756,RESELLER,
dailymail.co.uk,indexexchange.com,184205,RESELLER,
dailymail.co.uk,kargo.com,117,DIRECT,
dailymail.co.uk,oms.eu,13195,RESELLER,
dailymail.co.uk,oms.eu,16431,RESELLER,
dailymail.co.uk,oms.eu,17021,RESELLER,
dailymail.co.uk,openx.com,20041792-accf-fff1-8123-3433e7,RESELLER,
dailymail.co.uk,openx.com,537120563,RESELLER,
dailymail.co.uk,openx.com,537139415,DIRECT,a698e2ec38604c6
dailymail.co.uk,openx.com,537153128,DIRECT,
dailymail.co.uk,openx.com,537153733,DIRECT,a698e2ec38604c6
dailymail.co.uk,openx.com,538914236,DIRECT,
dailymail.co.uk,pubmatic.com,156054,DIRECT,
dailymail.co.uk,rubiconproject.com,11394,RESELLER,
dailymail.co.uk,rubiconproject.com,15968,DIRECT,
dailymail.co.uk,rubiconproject.com,16414,RESELLER,
dailymail.co.uk,rubiconproject.com,8625,DIRECT,
dailymail.co.uk,rubiconproject.com,9840,DIRECT,
dailymail.co.uk,rubiconproject.com,9929,DIRECT,
dailymail.co.uk,rubiconproject.com,9929,DIRECT,
dailymail.co.uk,spotx.tv,86983,DIRECT,7842df1d2fe2db34
dailymail.co.uk,spotx.tv,91703,DIRECT,7842df1d2fe2db34
dailymail.co.uk,spotx.tv,91705,DIRECT,7842df1d2fe2db34
dailymail.co.uk,spotx.tv,71451,RESELLER,
dailymail.co.uk,spotxchange.com,86983,DIRECT,7842df1d2fe2db34
dailymail.co.uk,spotxchange.com,91703,DIRECT,7842df1d2fe2db34
dailymail.co.uk,spotxchange.com,91705,DIRECT,7842df1d2fe2db34
dailymail.co.uk,spx.smaato.com,1100018542,DIRECT,
dailymail.co.uk,stroeer.com,12933,RESELLER,
dailymail.co.uk,stroeer.com,14876,RESELLER,
dailymail.co.uk,stroeer.com,4509,RESELLER,
dailymail.co.uk,taboola.com,1001080,DIRECT,
dailymail.co.uk,taboola.com,1001082,DIRECT,
dailymail.co.uk,taboola.com,1001083,DIRECT,
dailymail.co.uk,teads.tv,20808,DIRECT,15a9c44f6d26cbe1
dailymail.co.uk,teads.tv,23385,DIRECT,15a9c44f6d26cbe1
dailymail.co.uk,tremorhub.com,z87wm,RESELLER,1a4e959a1b50034a
dailymail.co.uk,tremorhub.com,gklfs-xa0bm,RESELLER,1a4e959a1b50034a
dailymail.co.uk,tremorhub.com,4jf9l,DIRECT,1a4e959a1b50034a
dailymail.co.uk,tremorhub.com,b8rdy-b81g2,DIRECT,1a4e959a1b50034a
dailymail.co.uk,contact=programmatic.platforms@assocnews.co.uk,,,
dingit.tv,improvedigital.com,969,DIRECT,
dingit.tv,tremorhub.com,6z19u,DIRECT,1a4e959a1b50034a
dingit.tv,tremorhub.com,nd0cx,DIRECT,1a4e959a1b50034a
dingit.tv,tremorhub.com,nhvw3-uwutr,DIRECT,1a4e959a1b50034a
dingit.tv,cdn.stickyadstv.com,1626,RESELLER,
dingit.tv,adform.com,49,RESELLER,
dingit.tv,freewheel.tv,76497,RESELLER,
dingit.tv,google.com,98544404,RESELLER,
dingit.tv,openx.com,537124368,DIRECT,a698e2ec38604c6
dingit.tv,advertising.com,21917,DIRECT,
dingit.tv,lkqd.net,9,RESELLER,59c49fa9598a0117
dingit.tv,lkqd.com,9,RESELLER,59c49fa9598a0117
dingit.tv,pubmatic.com,156393,DIRECT,5d62403b186f2ace
dingit.tv,altitudedigital.com,146321,RESELLER,
dingit.tv,oath.com,5702,RESELLER,
dingit.tv,brightroll.com,6836317,RESELLER,
dingit.tv,openx.com,537141219,RESELLER,20041fe3-accf-fff1-8123-bc75af
dingit.tv,pubmatic.com,93915,RESELLER,5d62403b186f2ace
dingit.tv,rubicon.com,14410,RESELLER,
dingit.tv,smartadserver.com,1316,RESELLER,
dingit.tv,sovrn.com,245955,RESELLER,
dingit.tv,spotxchange.com,152198,RESELLER,7842df1d2fe2db34
dingit.tv,spotx.tv,152198,RESELLER,7842df1d2fe2db34
dingit.tv,freewheel.tv,86681,RESELLER,
dingit.tv,freewheel.tv,86673,RESELLER,
dingit.tv,platform.videologygroup.com,2982,RESELLER,
dingit.tv,publishers.teads.tv,12888,RESELLER,
dingit.tv,publishers.teads.tv,13183,RESELLER,
dingit.tv,contextweb.com,560496,RESELLER,89ff185a4c4e857c
dingit.tv,lkqd.com,267,RESELLER,59c49fa9598a0117
dingit.tv,springserve.com,1,RESELLER,
dingit.tv,tremorhub.com,60629,RESELLER,
dingit.tv,google.com,pub-6512936480753445,RESELLER,
dingit.tv,spotx.tv,111271,RESELLER,
dingit.tv,spotxchange.com,111271,RESELLER,
dingit.tv,appnexus.com,926,RESELLER,
dingit.tv,appnexus.com,1538,RESELLER,
dingit.tv,advertising.com,9008,RESELLER,
dingit.tv,freewheel.tv,208505,RESELLER,
dingit.tv,freewheel.tv,327377,RESELLER,
dingit.tv,brightroll.com,6836428,RESELLER,
dingit.tv,contextweb.com,560580,RESELLER,
dingit.tv,lkqd.net,121,RESELLER,59c49fa9598a0117
dingit.tv,lkqd.com,121,RESELLER,59c49fa9598a0117
dingit.tv,tremorhub.com,k7snt,RESELLER,1a4e959a1b50034a
dingit.tv,vertamedia.com,21587,DIRECT,7de89dc7742b5b11
dingit.tv,Advertising.com,7060,RESELLER,
dingit.tv,Vidazoo,4200370,RESELLER,
dingit.tv,Vidazoo,9063919,RESELLER,
dingit.tv,adform.com,1411,RESELLER,
dingit.tv,adtech.com,7060,RESELLER,
dingit.tv,beachfront.com,publisher_1c8cc092-61e7-4274-bb74-63385e023935,RESELLER,
dingit.tv,beachfront.com,publisher_4f2f8b67-9af1-4978-e517-fcd215d21d0f,RESELLER,
dingit.tv,fyber.com,ddecc38b3799786a1637d5176e204431,RESELLER,
dingit.tv,google.com,pub-7002491002409919,RESELLER,
dingit.tv,lijit.com,239753,RESELLER,fafdf38b16bf6b2b
dingit.tv,lkqd.com,152,RESELLER,59c49fa9598a0117
dingit.tv,lkqd.net,152,RESELLER,59c49fa9598a0117
dingit.tv,smartadserver.com,2499,RESELLER,
dingit.tv,sovrn.com,239753,RESELLER,fafdf38b16bf6b2b
dingit.tv,spotx.tv,82810,RESELLER,7842df1d2fe2db34
dingit.tv,spotxchange.com,82810,RESELLER,7842df1d2fe2db34
dingit.tv,springserve.com,257,RESELLER,
dingit.tv,tremorhub.com,iq97d,RESELLER,1a4e959a1b50034a
dingit.tv,rhythmone.com,1194444876,DIRECT,a670c89d4a324e47
dingit.tv,rhythmone.com,2753728463,DIRECT,a670c89d4a324e47
dingit.tv,Turf.digital,LK25,RESELLER,
dingit.tv,streamrail.net,596c80c79b76bf0002000001,RESELLER,
dingit.tv,beachfront.com,publisher_7300,RESELLER,
dingit.tv,lkqd.net,31,RESELLER,59c49fa9598a0117
dingit.tv,lkqd.com,31,RESELLER,59c49fa9598a0117
dingit.tv,springserve.com,45,RESELLER,
dingit.tv,freewheel.tv,39025,RESELLER,
dingit.tv,lkqd.net,347,RESELLER,59c49fa9598a0117
dingit.tv,lkqd.com,347,RESELLER,59c49fa9598a0117
dingit.tv,beachfront.com,publisher_54880d75-dd5e-40eb-c0ee-a841b5c4c2ff,RESELLER,
dingit.tv,beachfront.com,publisher_f41f5c34-9b91-40db-caf2-e8abd8dc418f,RESELLER,
dingit.tv,springserve.com,210,RESELLER,
dingit.tv,oath.com,23919,RESELLER,
dingit.tv,fyber.com,36d4d27d0d7e7bc4f48bac757b2ab8af,RESELLER,
dingit.tv,freewheel.tv,351617,RESELLER,
dingit.tv,freewheel.tv,339585,RESELLER,
dingit.tv,lkqd.net,106,RESELLER,59c49fa9598a0117
dingit.tv,lkqd.com,106,RESELLER,59c49fa9598a0117
dingit.tv,beachfront.com,beachfront_2514,RESELLER,
dingit.tv,beachfront.com,publisher_3427,DIRECT,
dingit.tv,lkqd.net,138,RESELLER,59c49fa9598a0117
dingit.tv,lkqd.com,138,RESELLER,59c49fa9598a0117
dingit.tv,lkqd.net,312,RESELLER,59c49fa9598a0117
dingit.tv,lkqd.com,312,RESELLER,59c49fa9598a0117
dingit.tv,Keenkale.com,48920,DIRECT,
dingit.tv,lkqd.net,217,RESELLER,59c49fa9598a0117
dingit.tv,lkqd.com,217,RESELLER,59c49fa9598a0117
dingit.tv,tremorhub.com,zog5f,RESELLER,1a4e959a1b50034a
dingit.tv,bidsxchange.com,3545,DIRECT,
dingit.tv,openx.com,537143737,RESELLER,6a698e2ec38604c6
dingit.tv,pubmatic.com,148800,RESELLER,5d62403b186f2ace
dingit.tv,smartadserver.com,2088,RESELLER,
dingit.tv,freewheel.tv,1993,RESELLER,
dingit.tv,beachfront.com,beachfront_5103,RESELLER,
dingit.tv,advertising.com,13174,RESELLER,
dingit.tv,google.com,pub-6250726578680113,RESELLER,f08c47fec0942fa0
dingit.tv,adtech.com,10871,RESELLER,
dingit.tv,smartadserver.com,2313,RESELLER,
dingit.tv,pubmatic,153752,RESELLER,5d62403b186f2ace
dingit.tv,anthemx.tv,3005,DIRECT,
dingit.tv,beachfront.com,RESELLER,1e506cb3-3450-4e67-e1c8-a8be466392d1,
dingit.tv,advertising.com,21365,RESELLER,
dingit.tv,pubmatic.com,156373,DIRECT,5d62403b186f2ace
dingit.tv,tremorhub.com,r5lyc,RESELLER,
dingit.tv,lkqd.net,41,RESELLER,
dingit.tv,lkqd.net,137,RESELLER,
dingit.tv,lkqd.net,326,RESELLER,
dingit.tv,lkqd.net,200,RESELLER,
dingit.tv,lkqd.net,234,RESELLER,
dingit.tv,lkqd.net,57,RESELLER,
dingit.tv,lkqd.net,39,RESELLER,
dingit.tv,lkqd.net,120,RESELLER,
dingit.tv,lkqd.net,156,RESELLER,
dingit.tv,lkqd.net,63,RESELLER,
dingit.tv,lkqd.net,228,RESELLER,
dingit.tv,lkqd.net,129,RESELLER,
dingit.tv,lkqd.net,252,RESELLER,
dingit.tv,lkqd.net,83,RESELLER,
dingit.tv,lkqd.net,82,RESELLER,
dingit.tv,lkqd.net,218,RESELLER,
dingit.tv,lkqd.net,327,RESELLER,
dingit.tv,lkqd.net,378,RESELLER,
dingit.tv,lkqd.net,353,RESELLER,
dingit.tv,lkqd.net,295,RESELLER,
dingit.tv,lkqd.net,379,RESELLER,
dingit.tv,lkqd.net,305,RESELLER,
dingit.tv,lkqd.net,134,RESELLER,
dingit.tv,lkqd.net,198,RESELLER,
dingit.tv,lkqd.net,124,RESELLER,
dingit.tv,lkqd.net,309,RESELLER,
dingit.tv,lkqd.net,270,RESELLER,
dingit.tv,lkqd.net,312,RESELLER,
dingit.tv,lkqd.net,289,RESELLER,
dingit.tv,lkqd.net,159,RESELLER,
dingit.tv,lkqd.net,376,RESELLER,
dingit.tv,lkqd.net,278,RESELLER,
dingit.tv,lkqd.net,365,RESELLER,
dingit.tv,lkqd.net,290,RESELLER,
dingit.tv,lkqd.net,25,RESELLER,
dingit.tv,lkqd.net,363,RESELLER,
dingit.tv,lkqd.net,42,RESELLER,
dingit.tv,lkqd.net,249,RESELLER,
dingit.tv,lkqd.net,359,RESELLER,
dingit.tv,lkqd.net,317,RESELLER,
dingit.tv,lkqd.net,357,RESELLER,
dingit.tv,lkqd.net,108,RESELLER,
dingit.tv,lkqd.net,192,RESELLER,
dingit.tv,lkqd.net,366,RESELLER,
dingit.tv,lkqd.net,31,RESELLER,
dingit.tv,lkqd.net,407,RESELLER,
dingit.tv,lkqd.net,308,RESELLER,
dingit.tv,lkqd.net,345,RESELLER,
dingit.tv,lkqd.net,328,RESELLER,
dingit.tv,lkqd.net,75,RESELLER,
dingit.tv,lkqd.net,294,RESELLER,
dingit.tv,streamrail.net,56c08d9080ad870002000001,RESELLER,
dingit.tv,streamrail.net,56cd6bacb0ac750002000002,RESELLER,
dingit.tv,streamrail.net,56f91cd4d3e3660002000033,RESELLER,
dingit.tv,streamrail.net,57012026524fcb000200003e,RESELLER,
dingit.tv,streamrail.net,57275a7ba56b8200020000cb,RESELLER,
dingit.tv,streamrail.net,575805f4960487000200011d,RESELLER,
dingit.tv,streamrail.net,575eca2237ac0e00020001c8,RESELLER,
dingit.tv,streamrail.net,5773f1a3589f1b00020001f3,RESELLER,
dingit.tv,streamrail.net,57b9620062ff040002000001,RESELLER,
dingit.tv,streamrail.net,58105a2ae7ba9d0002000001,RESELLER,
dingit.tv,streamrail.net,5831bd4fa7cdbb0002000002,RESELLER,
dingit.tv,streamrail.net,58569480172ce70002000002,RESELLER,
dingit.tv,streamrail.net,587ba591f7afd50002000001,RESELLER,
dingit.tv,streamrail.net,587c8ca965ef180002000001,RESELLER,
dingit.tv,streamrail.net,5898753b48d9fd0002000002,RESELLER,
dingit.tv,streamrail.net,58cac5579b47980002000002,RESELLER,
dingit.tv,streamrail.net,58ea1823b6ae890002000002,RESELLER,
dingit.tv,streamrail.net,593e7fe9cf20310002000001,RESELLER,
dingit.tv,streamrail.net,5958fb4051fd100002000003,RESELLER,
dingit.tv,streamrail.net,595a2f1c51fd100002000004,RESELLER,
dingit.tv,pubmatic.com,102560,DIRECT,5d62403b186f2ace
dingit.tv,pubmatic.com,156310,DIRECT,5d62403b186f2ace
dingit.tv,pubmatic.com,114634,RESELLER,5d62403b186f2ace
diply.com,google.com,pub-2229062076821791,DIRECT,
diply.com,facebook.com,627392657291988,DIRECT,
diply.com,facebook.com,959131430866033,DIRECT,
diply.com,sovrn.com,234204,DIRECT,fafdf38b16bf6b2b
diply.com,lijit.com,234204,DIRECT,fafdf38b16bf6b2b
diply.com,indexexchange.com,183616,DIRECT,50b1c356f2c5c8fc
diply.com,indexexchange.com,185097,DIRECT,50b1c356f2c5c8fc
diply.com,openx.com,537148020,DIRECT,a698e2ec38604c6
diply.com,openx.com,537113412,DIRECT,a698e2ec38604c6
diply.com,triplelift.com,1662,DIRECT,
diply.com,appnexus.com,7072,DIRECT,
diply.com,districtm.io,100345,DIRECT,
diply.com,appnexus.com,1908,RESELLER,
diply.com,rubiconproject.com,13678,DIRECT,0bfd66d529a55807
drugs.com,google.com,pub-3964816748264478,DIRECT,f08c47fec0942fa0
drugs.com,google.com,pub-0098599881482666,DIRECT,f08c47fec0942fa0
drugs.com,openx.com,539149026,DIRECT,6a698e2ec38604c6
drugs.com,districtm.io,100469,DIRECT,
drugs.com,appnexus.com,7944,RESELLER,
drugs.com,appnexus.com,1908,RESELLER,
drugs.com,pubmatic.com,68540,DIRECT,5d62403b186f2ace
drugs.com,Positivemobile.com,56f253ec400422174a113355,DIRECT,
drugs.com,www.vi.ai,080286678888168,RESELLER,
drugs.com,EMXDGT.com,234,DIRECT,1e1d41537f7cad7f
drugs.com,Appnexus.com,1356,DIRECT,f5ab79cb980f11d1
drugs.com,Google.com,pub-5995202563537249,DIRECT,f08c47fec0942fa0
drugs.com,sovrn.com,236790,DIRECT,fafdf38b16bf6b2b
drugs.com,lijit.com,236790,DIRECT,fafdf38b16bf6b2b
drugs.com,indexexchange.com,185042,DIRECT,
drugs.com,appnexus.com,3565,DIRECT,
drugs.com,facebook.com,1989261148020046,DIRECT,
drugs.com,rubiconproject.com,13482,DIRECT,0bfd66d529a55807
drugs.com,brightcom.com,2138882,DIRECT,
drugs.com,openx.com,537153208,RESELLER,
drugs.com,google.com,5231479214411897,RESELLER,
drugs.com,aolcloud.net,11099.1,RESELLER,
drugs.com,advertising.com,2270,RESELLER,
drugs.com,appnexus.com,2669,RESELLER,
drugs.com,smartadserver.com,1879,RESELLER,
drugs.com,smartadserver.com,2586,RESELLER,
drugs.com,synacor.com,81685,RESELLER,
drugs.com,aps.amazon.com,3109,DIRECT,
drugs.com,contextweb.com,560706,DIRECT,
drugs.com,gobrowsi.com,57778053,RESELLER,
drugs.com,coxmt.com,2000068020902,DIRECT,
elmundo.es,linicom,elmundo,DIRECT,
elmundo.es,fyber.com,f8d7dd93dfdba1b58f464cc73b821b50,DIRECT,
elmundo.es,advertising.com,18937,DIRECT,
elmundo.es,google.com,pub-0414436487628782,DIRECT,f08c47fec0942fa0
elmundo.es,google.com,pub-0414436487628782,RESELLER,f08c47fec0942fa0
elmundo.es,appnexus.com,7669,DIRECT,
elmundo.es,teads.tv,7619,DIRECT,15a9c44f6d26cbe1
elmundo.es,teads.tv,8609,RESELLER,15a9c44f6d26cbe1
elmundo.es,Exponential.com,169630,DIRECT,afac06385c445926
elmundo.es,Tribalfusion.com,169630,DIRECT,afac06385c445926
elmundo.es,Exponential.com,169950,DIRECT,afac06385c445926
elmundo.es,Tribalfusion.com,169950,DIRECT,afac06385c445926
elpais.com,google.com,pub-8750086020675820,DIRECT,
elpais.com,www.indexexchange.com,185132,DIRECT,
elpais.com,www.indexexchange.com,185484,DIRECT,
elpais.com,teads.tv,10520,DIRECT,15a9c44f6d26cbe1
elpais.com,teads.tv,10519,DIRECT,15a9c44f6d26cbe1
elpais.com,appnexus.com,3872,DIRECT,
elpais.com,switchconcepts.com,aHN3aXRjaA==-a14,DIRECT,
elpais.com,pubmatic.com,60568,RESELLER,5d62403b186f2ace
elpais.com,thetradedesk.com,switchconcepts,RESELLER,
elpais.com,taboola.com,switchconceptopenrtb,RESELLER,
elpais.com,bidswitch.com,switchconcepts,RESELLER,
elpais.com,contextweb.com,560031,RESELLER,
elpais.com,emxdgt.com,59,RESELLER,
elpais.com,appnexus.com,1356,RESELLER,
elpais.com,crimtan.com,switch,RESELLER,
elpais.com,quantcast.com,switchconcepts,RESELLER,
elpais.com,rhythmone.com,1934627955,RESELLER,
elpais.com,ssphwy.com,switchconcepts,RESELLER,
elpais.com,sovrn.com,96786,RESELLER,fafdf38b16bf6b2b
elpais.com,rubiconproject.com,9778,DIRECT,0bfd66d529a55807
elpais.com,Exponential.com,95170,DIRECT,afac06385c445926
elpais.com,Tribalfusion.com,95170,DIRECT,afac06385c445926
elpais.com,Exponential.com,95230,DIRECT,afac06385c445926
elpais.com,Tribalfusion.com,95230,DIRECT,afac06385c445926
elpais.com,Exponential.com,95210,DIRECT,afac06385c445926
elpais.com,Tribalfusion.com,95210,DIRECT,afac06385c445926
elpais.com,Exponential.com,95200,DIRECT,afac06385c445926
elpais.com,Tribalfusion.com,95200,DIRECT,afac06385c445926
elpais.com,Exponential.com,95160,DIRECT,afac06385c445926
elpais.com,Tribalfusion.com,95160,DIRECT,afac06385c445926
elpais.com,Exponential.com,95240,DIRECT,afac06385c445926
elpais.com,Tribalfusion.com,95240,DIRECT,afac06385c445926
elpais.com,Exponential.com,95190,DIRECT,afac06385c445926
elpais.com,Tribalfusion.com,95190,DIRECT,afac06385c445926
elpais.com,Exponential.com,95250,DIRECT,afac06385c445926
elpais.com,Tribalfusion.com,95250,DIRECT,afac06385c445926
elpais.com,Exponential.com,95220,DIRECT,afac06385c445926
elpais.com,Tribalfusion.com,95220,DIRECT,afac06385c445926
elpais.com,Exponential.com,140550,DIRECT,afac06385c445926
elpais.com,Tribalfusion.com,140550,DIRECT,afac06385c445926
elpais.com,Exponential.com,151150,DIRECT,afac06385c445926
elpais.com,Tribalfusion.com,151150,DIRECT,afac06385c445926
elpais.com,Exponential.com,95270,DIRECT,afac06385c445926
elpais.com,Tribalfusion.com,95270,DIRECT,afac06385c445926
elpais.com,Exponential.com,95320,DIRECT,afac06385c445926
elpais.com,Tribalfusion.com,95320,DIRECT,afac06385c445926
elpais.com,Exponential.com,150110,DIRECT,afac06385c445926
elpais.com,Tribalfusion.com,150110,DIRECT,afac06385c445926
espn.com,google.com,pub-7182528145592493,DIRECT,f08c47fec0942fa0
espn.com,google.com,pub-9088866988176807,RESELLER,f08c47fec0942fa0
espn.com,google.com,pub-2699085906993467,RESELLER,f08c47fec0942fa0
espn.com,google.com,pub-6414971310140387,RESELLER,f08c47fec0942fa0
espn.com,google.com,pub-7182528145592493,RESELLER,f08c47fec0942fa0
espn.com,google.com,pub-9088866988176807,RESELLER,f08c47fec0942fa0
espn.com,google.com,pub-8587986085948498,RESELLER,f08c47fec0942fa0
espn.com,google.com,pub-3448704589648193,RESELLER,f08c47fec0942fa0
espn.com,google.com,pub-1908642338256795,RESELLER,f08c47fec0942fa0
espn.com,google.com,pub-1130943076718810,RESELLER,f08c47fec0942fa0
espn.com,google.com,pub-7182528145592493,RESELLER,f08c47fec0942fa0
espn.com,google.com,pub-6414971310140387,RESELLER,f08c47fec0942fa0
espn.com,google.com,pub-1489248302203658,RESELLER,f08c47fec0942fa0
espn.com,amazon-adsystem.com,3329,DIRECT,
espn.com,teads.tv,11393,DIRECT,15a9c44f6d26cbe1
espn.com,teads.tv,11321,DIRECT,15a9c44f6d26cbe1
espn.com,rubiconproject.com,12106,RESELLER,
espn.com,rubiconproject.com,13043,RESELLER,0bfd66d529a55807
espn.com,outbrain.com,001b20dd177b4c1370596d8248ffe848d8,DIRECT,
espn.com,outbrain.com,00d8ce40a0f4c15dc8718f9b8eff28f9a9,DIRECT,
espn.com,outbrain.com,004d67de0b22fbc5a74d995cd29e00306d,DIRECT,
espn.com,outbrain.com,005b22294fffe8aa1c4b27f57587f79196,DIRECT,
espn.com,outbrain.com,006ad9a692b374b24ca001e74588ebf858,DIRECT,
espn.com,outbrain.com,00549d7610f17a6b6ac44dd8e24d118a71,DIRECT,
espn.com,outbrain.com,00de2b20042e4c438f0fb14ffadc18b270,DIRECT,
forbes.com,google.com,pub-4111763448220873,direct,
forbes.com,pubmatic.com,156371,direct,
forbes.com,teads.tv,8220,direct,
forbes.com,google.com,pub-5683427718992637,direct,
forbes.com,sharethrough.com,57ed48cb,direct,
forbes.com,indexexchange.com,184451,reseller,
forbes.com,openx.com,538904911,reseller,
forbes.com,openx.com,537144445,reseller,
forbes.com,appnexus.com,7460,direct,
forbes.com,google.com,7439041255533808,reseller,
forbes.com,media.net,8CU8V7RR1,direct,
forbes.com,media.net,8CUC52W5Z,direct,
forbes.com,media.net,8CUQ33R4V,direct,
forbes.com,appnexus.com,1356,reseller,
forbes.com,c1exchange.com,C1X201401,reseller,
forbes.com,appnexus.com,1908,reseller,
forbes.com,appnexus.com,7944,reseller,
forbes.com,contextweb.com,560210,reseller,
foxnews.com,google.com,pub-6275030221952515,DIRECT,f08c47fec0942fa0
foxnews.com,appnexus.com,8304,DIRECT,
foxnews.com,trustx.org,29,DIRECT,
foxnews.com,rubiconproject.com,13226,DIRECT,0bfd66d529a55807
foxnews.com,triplelift.com,541,DIRECT,
foxnews.com,yieldmo.com,FoxNews.com,DIRECT,
foxnews.com,yieldmo.com,9876660000,DIRECT,
foxnews.com,google.com,pub-3851171199385532,RESELLER,f08c47fec0942fa0
foxnews.com,outbrain.com,0041797707f15898985d814c630ea4cbcf,DIRECT,native
foxnews.com,video.unrulymedia.com,UNRX_38006d08-1708-43f9-a227-5cb18572ca3f,DIRECT,
foxnews.com,video.unrulymedia.com,941297,DIRECT,
genius.com,google.com,pub-4209653137970238,DIRECT,f08c47fec0942fa0
genius.com,adtech.com,10604,DIRECT,
genius.com,aol.com,44240,DIRECT,
genius.com,aolcloud.net,10604,DIRECT,
genius.com,appnexus.com,6960,DIRECT,
genius.com,appnexus.com,1908,RESELLER,
genius.com,appnexus.com,7944,RESELLER,
genius.com,districtm.io,100791,DIRECT,
genius.com,facebook.com,817734415045072,DIRECT,
genius.com,indexexchange.com,184861,DIRECT,
genius.com,indexexchange.com,185464,DIRECT,
genius.com,openx.com,537139039,DIRECT,6a698e2ec38604c6
genius.com,rubiconproject.com,15874,DIRECT,0bfd66d529a55807
genius.com,teads.tv,12089,DIRECT,15a9c44f6d26cbe1
genius.com,teads.tv,11788,DIRECT,15a9c44f6d26cbe1
genius.com,triplelift.com,3124,DIRECT,
genius.com,33across.com,33,DIRECT,
genius.com,adtech.com,9993,RESELLER,
genius.com,amazon.com,3411,RESELLER,
genius.com,aolcloud.net,9993,RESELLER,
genius.com,appnexus.com,1001,RESELLER,
genius.com,Appnexus.com,1356,DIRECT,f5ab79cb980f11d1
genius.com,appnexus.com,1899,DIRECT,
genius.com,appnexus.com,1899,DIRECT,
genius.com,appnexus.com,2720,RESELLER,
genius.com,appnexus.com,3135,RESELLER,
genius.com,criteo.com,3450,RESELLER,
genius.com,EMXDGT.com,51,DIRECT,1e1d41537f7cad7f
genius.com,freewheel.tv,280914,RESELLER,
genius.com,freewheel.tv,280930,RESELLER,
genius.com,google.com,pub-4983172728561290,RESELLER,f08c47fec0942fa0
genius.com,google.com,pub-9557089510405422,RESELLER,f08c47fec0942fa0
genius.com,google.com,Reseller,pub-9242135695870166,
genius.com,gumgum.com,12910,RESELLER,ffdef49475d318a9
genius.com,indexexchange.com,185506,RESELLER,
genius.com,lkqd.com,123,RESELLER,59c49fa9598a0117
genius.com,lkqd.com,293,RESELLER,
genius.com,lkqd.net,123,RESELLER,59c49fa9598a0117
genius.com,lkqd.net,293,RESELLER,
genius.com,openx.com,537120563,RESELLER,6a698e2ec38604c6
genius.com,openx.com,537133201,RESELLER,6a698e2ec38604c6
genius.com,openx.com,537139983,RESELLER,6a698e2ec38604c6
genius.com,optimatic.com,Zedo,RESELLER,
genius.com,pubmatic.com,156396,RESELLER,5d62403b186f2ace
genius.com,pubmatic.com,28575,RESELLER,5d62403b186f2ace
genius.com,rubiconproject.com,11406,DIRECT,0bfd66d529a55807
genius.com,rubiconproject.com,16414,RESELLER,
genius.com,smartadserver.com,2486,RESELLER,
genius.com,sovrn.com,251203,DIRECT,fafdf38b16bf6b2b
genius.com,spotx.tv,139883,RESELLER,7842df1d2fe2db34
genius.com,spotx.tv,74844,RESELLER,7842df1d2fe2db34
genius.com,spotxchange.com,139883,RESELLER,7842df1d2fe2db34
genius.com,spotxchange.com,74844,RESELLER,7842df1d2fe2db34
genius.com,synacor.com,Reseller,14241,
genius.com,tremorhub.com,0kq41,RESELLER,1a4e959a1b50034a
genius.com,tremorhub.com,xqale,RESELLER,1a4e959a1b50034a
genius.com,zedo.com,1359,DIRECT,
genius.com,zedo.com,1413,DIRECT,
globo.com,rubiconproject.com,11366,DIRECT,0bfd66d529a55807
globo.com,rubiconproject.com,13764,DIRECT,0bfd66d529a55807
globo.com,rubiconproject.com,15688,DIRECT,0bfd66d529a55807
globo.com,rubiconproject.com,16732,DIRECT,0bfd66d529a55807
globo.com,rubiconproject.com,15764,DIRECT,0bfd66d529a55807
globo.com,google.com,pub-9857577187914945,DIRECT,f08c47fec0942fa0
globo.com,google.com,pub-7178843065022378,DIRECT,f08c47fec0942fa0
globo.com,google.com,pub-6846092021580168,DIRECT,f08c47fec0942fa0
globo.com,google.com,pub-8828587149473437,DIRECT,f08c47fec0942fa0
globo.com,google.com,pub-0969220374279868,DIRECT,f08c47fec0942fa0
globo.com,google.com,pub-5312563005298422,DIRECT,f08c47fec0942fa0
globo.com,google.com,pub-7283001925766204,DIRECT,f08c47fec0942fa0
globo.com,google.com,pub-7002429776683620,DIRECT,f08c47fec0942fa0
healthline.com,c.amazon-adsystem.com,3083,DIRECT,
healthline.com,openx.com,537151308,DIRECT,
healthline.com,openx.com,539007798,DIRECT,
healthline.com,openx.com,78677,DIRECT,
healthline.com,rubiconproject.com,11314,DIRECT,
healthline.com,indexexchange.com,180447,DIRECT,50b1c356f2c5c8fc
healthline.com,sovrn.com,245620,DIRECT,
healthline.com,adtech.com,9502.1,DIRECT,
healthline.com,appnexus.com,3844,DIRECT,
healthline.com,triplelift.com,3152,DIRECT,
healthline.com,aolcloud.net,9502.1,DIRECT,
healthline.com,facebook.com,738762996262850,DIRECT,
healthline.com,google.com,pub-9428411717556527,DIRECT,f08c47fec0942fa0
healthline.com,google.com,pub-4771166113579725,DIRECT,f08c47fec0942fa0
healthline.com,teads.tv,11545,DIRECT,15a9c44f6d26cbe1
healthline.com,teads.tv,11543,DIRECT,15a9c44f6d26cbe1
healthline.com,yieldmo.com,1164496325591808848,DIRECT,
healthline.com,yieldmo.com,Healthline.com,DIRECT,
howstuffworks.com,indexexchange.com,183615,DIRECT,
howstuffworks.com,indexexchange.com,184751,DIRECT,
howstuffworks.com,appnexus.com,3701,DIRECT,
howstuffworks.com,sonobi.com,baf0fb6dbd,DIRECT,
howstuffworks.com,c.amazon-adsystem.com,3082,DIRECT,
howstuffworks.com,rubiconproject.com,15008,DIRECT,0bfd66d529a55807
howstuffworks.com,coxmt.com,2000068017802,DIRECT,
howstuffworks.com,rhythmone.com,2802567161,DIRECT,a670c89d4a324e47
howstuffworks.com,rhythmone.com,281884810,DIRECT,a670c89d4a324e47
howstuffworks.com,rhythmone.com,2473608119,DIRECT,a670c89d4a324e47
howstuffworks.com,rhythmone.com,3335667634,DIRECT,a670c89d4a324e47
howstuffworks.com,rhythmone.com,1146944591,DIRECT,a670c89d4a324e47
howstuffworks.com,rhythmone.com,1863240828,DIRECT,a670c89d4a324e47
howstuffworks.com,rhythmone.com,2505545021,DIRECT,a670c89d4a324e47
howstuffworks.com,rhythmone.com,2601209642,DIRECT,a670c89d4a324e47
howstuffworks.com,rhythmone.com,3898873792,DIRECT,a670c89d4a324e47
howstuffworks.com,1rx.io,3898873792,DIRECT,a670c89d4a324e47
howstuffworks.com,google.com,pub-4992029886060368,DIRECT,
howstuffworks.com,google.com,pub-3515322036131169,DIRECT,
howstuffworks.com,openx.com,537109440,DIRECT,6a698e2ec38604c6
howstuffworks.com,openx.com,538924501,DIRECT,6a698e2ec38604c6
howstuffworks.com,Sovrn.com,239393,DIRECT,
howstuffworks.com,Lijit.com,239393,DIRECT,
howstuffworks.com,adtech.com,10026,DIRECT,
howstuffworks.com,aolcloud.net,10026,DIRECT,
howstuffworks.com,facebook.com,899104866837181,DIRECT,
latimes.com,google.com,pub-5190935653373739,DIRECT,
latimes.com,criteo.com,143019,DIRECT,
latimes.com,indexexchange.com,184794,DIRECT,
latimes.com,indexexchange.com,183753,RESELLER,
latimes.com,kixer.com,1785,DIRECT,
latimes.com,liveintent.com,1560,DIRECT,
latimes.com,nativo.com,2373,DIRECT,
latimes.com,openx.com,537145728,DIRECT,
latimes.com,openx.com,539125677,DIRECT,
latimes.com,rubiconproject.com,7476,DIRECT,
latimes.com,spotxchange.com,102001,DIRECT,
latimes.com,taboola.com,1002628,DIRECT,
latimes.com,teads.tv,8873,DIRECT,
latimes.com,teads.tv,8872,DIRECT,
latimes.com,triplelift.com,3918,DIRECT,
latimes.com,yieldmo.com,1082592725714712772,DIRECT,
latimes.com,smaato.com,1100033086,DIRECT,
latimes.com,c.amazon-adsystem.com,3503,DIRECT,
littlethings.com,appnexus.com,8195,DIRECT,
littlethings.com,c.amazon-adsystem.com,3242,DIRECT,
littlethings.com,facebook.com,1051106308268009,DIRECT,
littlethings.com,facebook.com,1729738803907412,DIRECT,
littlethings.com,facebook.com,1862796143952278,DIRECT,
littlethings.com,facebook.com,544862049022228,DIRECT,
littlethings.com,google.com,pub-8064494523030940,DIRECT,f08c47fec0942fa0
littlethings.com,google.com,pub-9042764826004540,DIRECT,f08c47fec0942fa0
littlethings.com,indexexchange.com,183649,DIRECT,
littlethings.com,indexexchange.com,184964,DIRECT,
littlethings.com,indexexchange.com,184081,Reseller,
littlethings.com,kargo.com,133,Direct,
nypost.com,google.com,pub-9386487545679073,DIRECT,f08c47fec0942fa0
nypost.com,rubiconproject.com,11076,DIRECT,0bfd66d529a55807
nypost.com,kargo.com,137,DIRECT,
nypost.com,indexexchange.com,184081,RESELLER,
nypost.com,appnexus.com,7236,DIRECT,
nypost.com,appnexus.com,7239,DIRECT,
nypost.com,adtech.com,10427,DIRECT,
nypost.com,aolcloud.net,10427,DIRECT,
nypost.com,c.amazon-adsystem.com,3105,DIRECT,
nypost.com,teads.tv,8522,DIRECT,15a9c44f6d26cbe1
nypost.com,teads.tv,6286,DIRECT,15a9c44f6d26cbe1
nypost.com,indexexchange.com,185069,DIRECT,
nypost.com,openx.com,538984824,DIRECT,
nypost.com,sharethrough.com,a1c2a4a7,DIRECT,
nypost.com,video.unrulymedia.com,UNRX_c88b7dc9-9bc0-41ba-8ac4-c301be6dc8fb,DIRECT,
nypost.com,video.unrulymedia.com,622640,DIRECT,
nypost.com,bidswitch.com,unrulyx_UNRX_c88b7dc9-9bc0-41ba-8ac4-c301be6dc8fb,RESELLER,
nypost.com,bidswitch.com,unrulyx_622640,RESELLER,
nypost.com,rubiconproject.com,15268,RESELLER,
nypost.com,indexexchange.com,182257,RESELLER,
nypost.com,appnexus.com,6849,RESELLER,
nytimes.com,c.amazon-adsystem.com,3030,DIRECT,
nytimes.com,appnexus.com,3661,DIRECT,
nytimes.com,facebook.com,907986699290885,DIRECT,
nytimes.com,facebook.com,1517497888551829,DIRECT,
nytimes.com,facebook.com,785027118203148,DIRECT,
nytimes.com,google.com,pub-4177862836555934,DIRECT,
nytimes.com,google.com,pub-9542126426993714,DIRECT,
nytimes.com,indexexchange.com,183760,DIRECT,
nytimes.com,indexexchange.com,184733,DIRECT,
nytimes.com,liveintent.com,130,DIRECT,
nytimes.com,openx.com,537145107,DIRECT,
nytimes.com,openx.com,539052954,DIRECT,
nytimes.com,rubiconproject.com,12330,DIRECT,
nytimes.com,teads.tv,856,DIRECT,
nytimes.com,teads.tv,14268,DIRECT,
nytimes.com,yieldmo.com,New%20York%20Times,DIRECT,
nytimes.com,yieldmo.com,1364526672772446209,DIRECT,
ranker.com,1rx.io,37253,DIRECT,a670c89d4a324e47
ranker.com,adtech.com,9504,DIRECT,
ranker.com,aolcloud.net,9504,DIRECT,
ranker.com,appnexus.com,2769,DIRECT,
ranker.com,appnexus.com,1613,direct,
ranker.com,appnexus.com,3326,direct,
ranker.com,appnexus.com,1908,RESELLER,
ranker.com,appnexus.com,1356,DIRECT,
ranker.com,beachfront.com,5649,DIRECT,
ranker.com,beachfront.com,2917,DIRECT,
ranker.com,brealtime.com,1356,RESELLER,
ranker.com,c.amazon-adsystem.com,3319,DIRECT,
ranker.com,conversantmedia.com,32153,DIRECT,
ranker.com,districtm.io,100451,DIRECT,
ranker.com,EMXDGT.com,21,DIRECT,
ranker.com,facebook.com,129409087172024,DIRECT,
ranker.com,facebook.com,1564130743882762,DIRECT,
ranker.com,freewheel.tv,153545,direct,
ranker.com,google.com,pub-9077619924525683,DIRECT,f08c47fec0942fa0
ranker.com,google.com,pub-8786235442772167,DIRECT,f08c47fec0942fa0
ranker.com,google.com,pub-5995202563537249,DIRECT,
ranker.com,indexexchange.com,183776,DIRECT,
ranker.com,indexexchange.com,184081,RESELLER,
ranker.com,kargo.com,141,DIRECT,
ranker.com,lkqd.net,284,DIRECT,59c49fa9598a0117
ranker.com,lkqd.com,284,DIRECT,59c49fa9598a0117
ranker.com,openx.com,537072911,DIRECT,
ranker.com,openx.com,538997351,DIRECT,
ranker.com,pubmatic.com,156056,DIRECT,5d62403b186f2ace
ranker.com,rhythmone.com,37253,DIRECT,a670c89d4a324e47
ranker.com,rhythmone.com,2610189944,DIRECT,a670c89d4a324e47
ranker.com,rubiconproject.com,8667,DIRECT,0bfd66d529a55807
ranker.com,sharethrough.com,f9355e4d,DIRECT,
ranker.com,sovrn.com,200333,DIRECT,fafdf38b16bf6b2b
ranker.com,yldbt.com,563b692e1c7d5d1a0c985fee,DIRECT,cd184cb30abaabb5
softonic.com,google.com,pub-8132844949421936,DIRECT,
softonic.com,rubiconproject.com,10496,DIRECT,
softonic.com,appnexus.com,7013,DIRECT,
softonic.com,indexexchange.com,185669,DIRECT,
softonic.com,amazon-adsystem.com; 3177,direct,,
speedtest.net,openx.com,539074089,DIRECT,6a698e2ec38604c6
speedtest.net,openx.com,539164681,DIRECT,6a698e2ec38604c6
speedtest.net,openx.com,537127704,DIRECT,6a698e2ec38604c6
speedtest.net,openx.com,539079344,DIRECT,6a698e2ec38604c6
speedtest.net,appnexus.com,3427,DIRECT,f5ab79cb980f11d1
speedtest.net,appnexus.com,650147,DIRECT,f5ab79cb980f11d1
speedtest.net,indexexchange.com,183785,DIRECT,50b1c356f2c5c8fc
speedtest.net,google.com,pub-1884113863780622,DIRECT,f08c47fec0942fa0
speedtest.net,google.com,pub-9914992914910847,DIRECT,f08c47fec0942fa0
speedtest.net,rubiconproject.com,11576,DIRECT,0bfd66d529a55807
speedtest.net,rubiconproject.com,11796,DIRECT,0bfd66d529a55807
speedtest.net,sonobi.com,3ca00b51c4,DIRECT,
speedtest.net,districtm.io,100298,DIRECT,
speedtest.net,appnexus.com,1908,RESELLER,
speedtest.net,appnexus.com,7944,RESELLER,
speedtest.net,adtech.com,10404,DIRECT,
speedtest.net,aolcloud.net,10404,DIRECT,
speedtest.net,contextweb.com,560022,DIRECT,
speedtest.net,emxdgt.com,82,DIRECT,
speedtest.net,google.com,pub-5995202563537249,DIRECT,
speedtest.net,appnexus.com,1356,DIRECT,
theguardian.com,indexexchange.com,184842,DIRECT,
theguardian.com,indexexchange.com,185406,DIRECT,
theguardian.com,openx.com,538907167,DIRECT,
theguardian.com,teads.tv,2167,DIRECT,
theguardian.com,google.com,pub-2012933198307164,DIRECT,
theguardian.com,google.com,pub-7526622147976638,DIRECT,
theguardian.com,google.com,pub-4979300716531995,DIRECT,
theguardian.com,google.com,pub-5107472231497753,DIRECT,
theguardian.com,sonobi.com,d089631d2d,DIRECT,
theguardian.com,appnexus.com,2888,DIRECT,
theguardian.com,appnexus.com,7012,DIRECT,
theguardian.com,trustx.org,27,DIRECT,
theguardian.com,triplelift.com,2885,DIRECT,
theguardian.com,yieldmo.com,1452927761628117365,DIRECT,
theguardian.com,liveintent.com,5956,DIRECT,
theguardian.com,teads.tv,8260,DIRECT,15a9c44f6d26cbe1
theguardian.com,teads.tv,8095,DIRECT,15a9c44f6d26cbe1
theguardian.com,google.com,pub-3746578658400510,DIRECT,f08c47fec0942fa0
theguardian.com,synapsys.us,174167,DIRECT,
therichest.com,google.com,pub-1705195579135674,DIRECT,f08c47fec0942fa0
therichest.com,google.com,pub-8382598503519971,DIRECT,f08c47fec0942fa0
therichest.com,indexexchange.com,184915,DIRECT,50b1c356f2c5c8fc
therichest.com,indexexchange.com,182689,DIRECT,50b1c356f2c5c8fc
therichest.com,indexexchange.com,184735,DIRECT,50b1c356f2c5c8fc
therichest.com,districtm.io,100190,DIRECT,
therichest.com,appnexus.com,7944,RESELLER,
therichest.com,appnexus.com,1908,RESELLER,
therichest.com,sonobi.com,2ab1f50de1,DIRECT,
therichest.com,facebook.com,124380934395811,DIRECT,
therichest.com,facebook.com,1270239446354327,DIRECT,
therichest.com,rubiconproject.com,11986,DIRECT,0bfd66d529a55807
therichest.com,exponential.com,152210,DIRECT,
therichest.com,amazon-adsystem.com,3000,DIRECT,
therichest.com,adyoulike.com,248128b6690c39194ce31628b745aca1,DIRECT,
therichest.com,openx.com,538981709,DIRECT,a698e2ec38604c6
therichest.com,openx.com,537084392,DIRECT,a698e2ec38604c6
therichest.com,revcontent.com,951,DIRECT,
therichest.com,positivemobile.com,599ea72c69d05d2063ba3344,DIRECT,
therichest.com,brightcom.com,2140991,DIRECT,
therichest.com,openx.com,537153208,RESELLER,
therichest.com,google.com,5231479214411897,RESELLER,
therichest.com,aolcloud.net,11099.1,RESELLER,
therichest.com,advertising.com,2270,RESELLER,
therichest.com,appnexus.com,2669,RESELLER,
therichest.com,smartadserver.com,1879,RESELLER,
therichest.com,smartadserver.com,2586,RESELLER,
therichest.com,smartadserver.com,2499,RESELLER,
therichest.com,fyber.com,ddecc38b3799786a1637d5176e204431,RESELLER,
therichest.com,adform.com,1411,RESELLER,
therichest.com,tremorhub.com,iq97d,RESELLER,1a4e959a1b50034a
therichest.com,Advertising.com,7060,RESSELER,
therichest.com,adtech.com,7060,RESSELER,
therichest.com,beachfront.com,publisher_4f2f8b67-9af1-4978-e517-fcd215d21d0f,DIRECT,
therichest.com,beachfront.com,publisher_1c8cc092-61e7-4274-bb74-63385e023935,DIRECT,
therichest.com,springserve.com,257,RESELLER,
therichest.com,sovrn.com,239753,RESELLER,fafdf38b16bf6b2b
therichest.com,lijit.com,239753,RESELLER,fafdf38b16bf6b2b
therichest.com,rhythmone.com,3835751711,DIRECT,a670c89d4a324e47
therichest.com,rhythmone.com,1983769092,DIRECT,a670c89d4a324e47
therichest.com,google.com,pub-9242135695870166,RESELLER,
therichest.com,synacor.com,81533,RESELLER,
tmz.com,google.com,pub-2971421842924714,DIRECT,f08c47fec0942fa0
tmz.com,rubiconproject.com,10794,DIRECT,0bfd66d529a55807
tmz.com,indexexchange.com,184128,DIRECT,
tmz.com,indexexchange.com,184534,DIRECT,
tmz.com,openx.com,537118698,DIRECT,a698e2ec38604c6
tmz.com,openx.com,537150859,DIRECT,a698e2ec38604c6
tmz.com,taboola.com,624,DIRECT,
tmz.com,pubmatic.com,156296,DIRECT,5d62403b186f2ace
tmz.com,amazon-adsystem.com,3064,DIRECT,
tmz.com,sharethrough.com,2fb9d1f3,DIRECT,
tmz.com,districtm.io,100606,DIRECT,
tmz.com,appnexus.com,1908,RESELLER,
tmz.com,appnexus.com,7186,DIRECT,
tmz.com,connatix.com,100283,DIRECT,
tmz.com,tremorhub.com,2g44a-eq9hn,DIRECT,1a4e959a1b50034a
tmz.com,tremorhub.com,wwmff,DIRECT,1a4e959a1b50034a
tmz.com,coxmt.com,2000068019402,DIRECT,
topix.com,33across.com,33,DIRECT,
topix.com,google.com,4210,RESELLER,
topix.com,appnexus.com,1001,RESELLER,
topix.com,appnexus.com,3135,RESELLER,
topix.com,spotxchange.com,139883,RESELLER,7842df1d2fe2db34
topix.com,spotx.tv,139883,RESELLER,7842df1d2fe2db34
topix.com,openx.com,537120563,RESELLER,
topix.com,amazon.com,3411,RESELLER,
topix.com,lkqd.com,293,RESELLER,
topix.com,adtech.com,9993,RESELLER,
topix.com,aolcloud.net,9993,RESELLER,
topix.com,rubiconproject.com,16414,RESELLER,
topix.com,criteo.com,3450,RESELLER,
topix.com,indexexchange.com,185506,RESELLER,
topix.com,33across.com,33,DIRECT,
topix.com,appnexus.com,2703,RESELLER,
topix.com,pubmatic.com,118367,RESELLER,5d62403b186f2ace
topix.com,contextweb.com,557820,RESELLER,
topix.com,contextweb.com,560118,RESELLER,
topix.com,technorati.com,81401,RESELLER,
topix.com,google.com,pub-6949480713202456,RESELLER,
topix.com,google.com,98948993,RESELLER,
topix.com,google.com,pub-1066013786354051,RESELLER,
topix.com,bidfluence.com,224d8f79-dc97-4d56-8cbd-c79f32e57111,RESELLER,
topix.com,switch.com,123,RESELLER,
topix.com,smaato.com,1100017451,RESELLER,
topix.com,amazon-adsystem.com,3080,DIRECT,
topix.com,adtech.com,9897,DIRECT,
topix.com,aolcloud.net,9897,DIRECT,
topix.com,appnexus.com,3359,DIRECT,
topix.com,google.com,pub-7661599293481746,RESELLER,
topix.com,pubmatic.com,156359,RESELLER,5d62403b186f2ace
topix.com,appnexus.com,1624,RESELLER,
topix.com,appnexus.com,1356,DIRECT,
topix.com,emxdgt.com,27,DIRECT,
topix.com,openx.com,71263,DIRECT,
topix.com,appnexus.com,1613,RESELLER,
topix.com,appnexus.com,3326,RESELLER,
topix.com,coxmt.com,12540,DIRECT,
topix.com,conversantmedia.com,33437,DIRECT,
topix.com,districtm.io,100076,DIRECT,
topix.com,appnexus.com,1908,RESELLER,
topix.com,facebook.com,839302252792994,DIRECT,
topix.com,google.com,pub-6708599703485913,DIRECT,f08c47fec0942fa0
topix.com,google.com,pub-6325511968014372,DIRECT,f08c47fec0942fa0
topix.com,indexexchange.com,182589,DIRECT,
topix.com,indexexchange.com,184821,DIRECT,
topix.com,netseer.com,3606gm23,DIRECT,
topix.com,google.com,pub-2795042024701939,RESELLER,
topix.com,openx.com,a698e2ec38604c6,RESELLER,
topix.com,indexexchange.com,183876,RESELLER,
topix.com,appnexus.com,7722,RESELLER,
topix.com,media.adfrontiers.com,235,RESELLER,
topix.com,openx.com,537100548,DIRECT,
topix.com,openx.com,539000773,DIRECT,
topix.com,pubmatic.com,79532,DIRECT,5d62403b186f2ace
topix.com,contextweb.com,557930,DIRECT,
topix.com,rhythmone.com,203598673,DIRECT,a670c89d4a324e47
topix.com,1rx.io,203598673,DIRECT,a670c89d4a324e47
topix.com,sharethrough.com,9c4e6c96,DIRECT,
topix.com,sonobi.com,f56ce88917,DIRECT,
topix.com,sovrn.com,205488,DIRECT,fafdf38b16bf6b2b
topix.com,lijit.com,205488,DIRECT,fafdf38b16bf6b2b
topix.com,spoutable.com,7110,DIRECT,
topix.com,exponential.com,100660,DIRECT,
topix.com,exponential.com,157120,DIRECT,
topix.com,yieldmo.com,Topix.com,DIRECT,
topix.com,yieldmo.com,815839380626939505,DIRECT,
uol.com.br,google.com,pub-6330791094260149,DIRECT,f08c47fec0942fa0
uol.com.br,google.com,pub-2763652553015325,DIRECT,f08c47fec0942fa0
uol.com.br,rubiconproject.com,11976,DIRECT,0bfd66d529a55807
usatoday.com,google.com,pub-5717092533913515,DIRECT,f08c47fec0942fa0
usatoday.com,rubiconproject.com,11324,DIRECT,
usatoday.com,c.amazon-adsystem.com,3062,DIRECT,
usatoday.com,aolcloud.net,10315,DIRECT,
usatoday.com,adtech.com,10315,DIRECT,
usatoday.com,criteo.com,1493,DIRECT,
usatoday.com,pubmatic.com,57752,DIRECT,5d62403b186f2ace
usatoday.com,sonobi.com,092ac5c683,DIRECT,
usatoday.com,yldbt.com,52dd74388cba11b24f000006,DIRECT,cd184cb30abaabb5
usatoday.com,tremorhub.com,d3kkw-751vw,DIRECT,1a4e959a1b50034a
usatoday.com,openx.com,537152847,DIRECT,a698e2ec38604c6
usatoday.com,kargo.com,201,DIRECT,
usatoday.com,indexexchange.com,184081,RESELLER,
usatoday.com,indexexchange.com,184808,DIRECT,
usatoday.com,appnexus.com,7155,DIRECT,
usatoday.com,freewheel.tv,314321,DIRECT,
usatoday.com,freewheel.tv,314337,DIRECT,
usatoday.com,freewheel.tv,314353,DIRECT,
usatoday.com,freewheel.tv,314369,DIRECT,
usatoday.com,www.yumenetworks.com,431,DIRECT,0f8d7efd0c6b9c3e
usatoday.com,triplelift.com,2793,DIRECT,
usatoday.com,teads.tv,8244,DIRECT,15a9c44f6d26cbe1
usatoday.com,teads.tv,7868,DIRECT,15a9c44f6d26cbe1
usatoday.com,emxdgt.com,120,DIRECT,1e1d41537f7cad7f
usatoday.com,appnexus.com,1356,DIRECT,f5ab79cb980f11d1
usatoday.com,google.com,pub-5995202563537249,DIRECT,f08c47fec0942fa0
vice.com,1rx.io,1809331877,DIRECT,a670c89d4a324e47
vice.com,adtech.com,11036,DIRECT,
vice.com,amazon-adsystem.com,3501,DIRECT,
vice.com,aolcloud.net,11036,DIRECT,
vice.com,appnexus.com,7785,DIRECT,
vice.com,google.com,pub-1071602463683652,DIRECT,f08c47fec0942fa0
vice.com,google.com,pub-3142709983065172,RESELLER,f08c47fec0942fa0
vice.com,indexexchange.com,184607,DIRECT,
vice.com,openx.com,537139465,DIRECT,6a698e2ec38604c6
vice.com,openx.com,539022636,DIRECT,6a698e2ec38604c6
vice.com,openx.com,539051356,DIRECT,6a698e2ec38604c6
vice.com,rhythmone.com,1809331877,DIRECT,a670c89d4a324e47
vice.com,rhythmone.com,2111850777,DIRECT,a670c89d4a324e47
vice.com,rubiconproject.com,12888,DIRECT,0bfd66d529a55807
vice.com,sharethrough.com,5c2b19aa,DIRECT,
vice.com,spotx.tv,149495,DIRECT,7842df1d2fe2db34
vice.com,spotxchange.com,149495,DIRECT,7842df1d2fe2db34
washingtonpost.com,indexexchange.com,183960,DIRECT,
washingtonpost.com,adtech.com,10316,DIRECT,
washingtonpost.com,aolcloud.net,10316,DIRECT,
washingtonpost.com,appnexus.com,7466,DIRECT,
washingtonpost.com,google.com,pub-3980300725513096,DIRECT,
washingtonpost.com,c.amazon-adsystem.com,3041,DIRECT,
washingtonpost.com,openx.com,537108359,DIRECT,
washingtonpost.com,openx.com,537143344,RESELLER,
washingtonpost.com,teads.tv,12293,DIRECT,15a9c44f6d26cbe1
washingtonpost.com,teads.tv,10794,DIRECT,15a9c44f6d26cbe1
washingtonpost.com,google.com,pub-1995032544933848,RESELLER,
washingtonpost.com,outbrain.com,00245c3cb03f074e28909d6ad2320ffd17,DIRECT,
washingtonpost.com,liveintent.com,386,DIRECT,
washingtonpost.com,facebook.com,165530923902113,DIRECT,
washingtonpost.com,google.com,pub-3746578658400510,RESELLER,f08c47fec0942fa0
washingtonpost.com,indexexchange.com,185292,RESELLER,
weather.com,Google.com,pub-8110506465392788,DIRECT,
weather.com,Yieldlab.net,21691,DIRECT,
weather.com,c.amazon-adsystem.com,3128,DIRECT,
weather.com,smartclip.net,893,DIRECT,
weather.com,smartclip.net,9082,DIRECT,
weather.com,google.com,pub-9867995726204524,RESELLER,f08c47fec0942fa0
weather.com,amazon-adsystem.com,1004,DIRECT,
weather.com,adtech.com,9538,DIRECT,
weather.com,aolcloud.net,9538,DIRECT,
weather.com,rubiconproject.com,10738,DIRECT,0bfd66d529a55807
weather.com,criteo.com,137482,DIRECT,
weather.com,appnexus.com,2678,DIRECT,f5ab79cb980f11d1
weather.com,coxmt.com,2000068019502,DIRECT,
weather.com,indexexchange.com,184272,DIRECT,
weather.com,indexexchange.com,182970,DIRECT,
weather.com,Openx.com,537108601,DIRECT,
weather.com,Openx.com,537150861,DIRECT,
weather.com,Openx.com,141707,RESELLER,
weather.com,Openx.com,537150004,RESELLER,
weather.com,Openx.com 537150064,RESELLER,,
weather.com,facebook.com,115862191798713,DIRECT,
weather.com,google.com,pub-0942427266003794,RESELLER,f08c47fec0942fa0
weather.com,indexexchange.com,184315,RESELLER,
weather.com,indexexchange.com,184601,RESELLER,
webmd.com,openx.com,537100188,Reseller,a698e2ec38604c6
webmd.com,districtm.io,100679,Reseller,
webmd.com,Appnexus.com,1908,Reseller,
webmd.com,Appnexus.com,7944,Reseller,
webmd.com,Appnexus.com,1356,Reseller,
webmd.com,EMXDGT.com,23,Reseller,
webmd.com,contextweb.com,560210,Reseller,
webmd.com,pubmatic.com,26151,Direct,5d62403b186f2ace
webmd.com,Appnexus.com,8241,Direct,
webmd.com,rubiconproject.com,16268,Direct,
webmd.com,mathtag.com,8CU66J63J,Reseller,012d00ee11a4966c
webmd.com,conversantmedia.com,41024,Reseller,
webmd.com,openx.com,537000000,Reseller,a698e2ec38604c6
webmd.com,media.net,8CU66J63J,Direct,
webmd.com,teads.tv,10388,Direct,15a9c44f6d26cbe1
webmd.com,sharethrough.com,0dd3521e,Direct,
webmd.com,liveintent.com,25712,Direct,
webmd.com,google.com,pub-8265377151949326,Direct,f08c47fec0942fa0
webmd.com,google.com,pub-6951496365454493,Direct,f08c47fec0942fa0
webmd.com,facebook.com,385978254785998,Direct,
webmd.com,amazon-adsystem.com,3100,Direct,
wikihow.com,google.com,pub-9543332082073187,DIRECT,f08c47fec0942fa0
wikihow.com,google.com,pub-5462137703643346,DIRECT,f08c47fec0942fa0
